{"cameraMode":{"drawMode":0,"name":"Shaded","section":"Shading Mode"},"sceneLighting":false,"audioPlay":false,"sceneViewState":{"showFog":true,"showMaterialUpdate":false,"showSkybox":true,"showFlares":true,"showImageEffects":true,"showParticleSystems":true},"in2DMode":false,"pivot":{"x":-0.06139117851853371,"y":0.1808978021144867,"z":-0.12297831475734711},"rotation":{"x":-0.20218665897846223,"y":0.585415244102478,"z":-0.15373487770557404,"w":-0.7699189782142639},"size":2.343783378601074,"orthographic":false}