{"cameraMode":{"drawMode":0,"name":"Shaded","section":"Shading Mode"},"sceneLighting":false,"audioPlay":false,"sceneViewState":{"showFog":true,"showMaterialUpdate":false,"showSkybox":true,"showFlares":true,"showImageEffects":true,"showParticleSystems":true},"in2DMode":false,"pivot":{"x":-0.06527813524007797,"y":0.2387780249118805,"z":-0.1394038200378418},"rotation":{"x":-0.07421406358480454,"y":-0.8311387300491333,"z":0.11442320793867111,"w":-0.5390807390213013},"size":2.7668347358703615,"orthographic":false}