{"cameraMode":{"drawMode":0,"name":"Shaded","section":"Shading Mode"},"sceneLighting":false,"audioPlay":false,"sceneViewState":{"showFog":true,"showMaterialUpdate":false,"showSkybox":true,"showFlares":true,"showImageEffects":true,"showParticleSystems":true},"in2DMode":false,"pivot":{"x":0.2837381362915039,"y":0.6816564798355103,"z":-0.8611178398132324},"rotation":{"x":-0.024961048737168313,"y":0.7717944979667664,"z":-0.030354483053088189,"w":-0.634656548500061},"size":2.8578836917877199,"orthographic":false}