{"cameraMode":{"drawMode":0,"name":"Shaded","section":"Shading Mode"},"sceneLighting":false,"audioPlay":false,"sceneViewState":{"showFog":true,"showMaterialUpdate":false,"showSkybox":true,"showFlares":true,"showImageEffects":true,"showParticleSystems":true},"in2DMode":false,"pivot":{"x":-0.17101742327213288,"y":0.25763440132141116,"z":-0.3419172763824463},"rotation":{"x":0.010948230512440205,"y":-0.8898786902427673,"z":0.02136688493192196,"w":0.45556512475013735},"size":6.000547409057617,"orthographic":false}